Filename,RelFreq NOUN,RelFreq VERB,RelFreq ADJ,RelFreq ADV,Unique PER,Unique LOC,Unique ORG
0100.a1.txt,1659.06,1324.2,867.58,578.39,0,0,0
0101.a1.txt,1308.02,1392.41,661.04,942.33,1,0,0
0102.a1.txt,1608.3,1297.02,739.3,518.81,1,0,0
0103.a1.txt,1237.5,1537.5,675.0,650.0,1,0,1
0104.a1.txt,1440.11,1305.52,619.11,740.24,0,1,2
0105.a1.txt,1366.71,1529.09,676.59,703.65,2,0,2
0106.a1.txt,1682.37,1413.19,915.21,955.59,1,0,0
0107.a1.txt,1290.8,1543.03,949.55,652.82,0,0,0
0108.a1.txt,1407.41,1496.3,503.7,711.11,1,0,0
0109.a1.txt,1430.41,1494.85,786.08,747.42,0,0,0
0110.a1.txt,1562.06,1520.22,906.56,725.24,1,0,0
0111.a1.txt,1568.09,1513.07,770.29,784.04,0,0,1
0112.a1.txt,1445.47,1406.04,867.28,749.01,0,0,1
0113.a1.txt,1472.29,1397.85,802.32,976.01,0,0,2
0114.a1.txt,1298.88,1662.01,670.39,991.62,0,0,0
0115.a1.txt,1508.62,1264.37,890.8,876.44,0,0,1
0116.a1.txt,1442.16,1537.24,681.46,919.18,0,0,0
0118.a1.txt,1406.25,1420.45,681.82,710.23,0,0,1
0119.a1.txt,1359.35,1480.48,847.91,780.62,0,0,0
0120.a1.txt,1396.65,1592.18,726.26,893.85,3,0,0
0121.a1.txt,1533.33,1511.11,777.78,700.0,0,0,2
0122.a1.txt,1680.11,1518.82,752.69,766.13,0,0,1
0123.a1.txt,1380.28,1507.04,661.97,859.15,1,0,0
0124.a1.txt,1818.18,1191.65,823.1,663.39,0,3,3
0125.a1.txt,2033.9,1238.59,938.72,651.89,0,1,0
0127.a1.txt,1244.44,1555.56,666.67,933.33,0,0,0
0128.a1.txt,1489.36,1329.79,704.79,797.87,0,0,0
0130.a1.txt,1572.87,1269.84,981.24,764.79,1,0,1
0131.a1.txt,1512.97,1628.24,864.55,561.96,0,0,0
0133.a1.txt,1190.78,1472.47,601.79,883.48,0,0,0
0134.a1.txt,1493.33,1373.33,800.0,1280.0,0,0,0
0135.a1.txt,1679.39,977.1,916.03,702.29,0,0,4
0136.a1.txt,1656.21,1342.53,614.81,727.73,0,1,0
0137.a1.txt,1225.9,1363.64,909.09,936.64,0,0,2
0138.a1.txt,1532.15,1422.71,848.15,807.11,1,0,0
0139.a1.txt,1175.66,1715.08,580.91,746.89,0,0,0
0140.a1.txt,1612.18,1454.34,879.37,563.7,5,0,0
0142.a1.txt,1693.2,1403.76,824.89,361.79,0,0,3
0143.a1.txt,1565.45,1403.51,728.74,769.23,1,0,1
0144.a1.txt,1277.21,1422.35,769.23,899.85,1,0,3
0145.a1.txt,1718.35,1266.15,723.51,788.11,0,0,0
0146.a1.txt,1272.73,1678.32,615.38,699.3,0,0,0
0148.a1.txt,1460.06,1267.22,964.19,743.8,0,0,0
0149.a1.txt,1376.34,1376.34,817.2,817.2,1,0,0
0151.a1.txt,1022.41,1666.67,560.22,784.31,1,0,0
0152.a1.txt,1481.91,1341.89,781.8,723.45,0,0,0
0155.a1.txt,1136.67,1718.54,811.91,906.63,0,0,0
0156.a1.txt,1044.35,1602.29,686.7,815.45,1,0,0
0157.a1.txt,1261.03,1752.84,605.3,542.24,0,0,0
0158.a1.txt,1295.06,1668.89,694.26,707.61,0,0,0
0159.a1.txt,1214.57,1538.46,634.28,823.21,0,0,1
0161.a1.txt,1629.83,1312.15,966.85,511.05,0,0,0
0162.a1.txt,1334.23,1388.14,727.76,673.85,0,0,1
0163.a1.txt,1562.5,1294.64,654.76,1101.19,0,0,0
0164.a1.txt,1773.53,1296.04,763.98,627.56,0,0,0
0165.a1.txt,1610.17,1210.65,738.5,605.33,1,0,0
0167.a1.txt,1413.43,1307.42,706.71,1048.29,1,0,2
0168.a1.txt,1606.37,1548.48,680.17,1013.02,0,0,0
0169.a1.txt,1492.92,1415.7,707.85,592.02,0,0,2
0171.a1.txt,1518.66,1480.05,669.24,772.2,0,1,1
0172.a1.txt,1440.44,1246.54,831.02,775.62,12,0,0
0173.a1.txt,1461.43,1393.78,811.91,676.59,4,0,3
0174.a1.txt,1515.15,1712.78,645.59,566.53,2,0,0
0175.a1.txt,1185.98,1509.43,673.85,808.63,0,0,1
0176.a1.txt,1578.3,1393.34,727.5,764.49,0,0,1
0177.a1.txt,1102.36,1496.06,761.15,682.41,1,0,0
0178.a1.txt,1426.95,1200.45,758.78,962.63,0,0,1
0179.a1.txt,1293.95,1547.12,590.72,604.78,0,0,0
0180.a1.txt,1338.69,1552.88,736.28,789.83,0,0,3
0182.a1.txt,1751.3,1481.87,715.03,683.94,5,0,1
0185.a1.txt,1736.11,1194.44,833.33,597.22,1,0,1
0186.a1.txt,1374.47,1612.9,532.96,883.59,2,0,1
0187.a1.txt,1402.52,1542.78,813.46,813.46,0,0,1
0188.a1.txt,1260.16,1436.31,718.16,745.26,1,0,2
0189.a1.txt,1329.84,1455.5,701.57,586.39,1,0,1
0190.a1.txt,1309.35,1611.51,647.48,575.54,1,1,1
0191.a1.txt,1335.88,1450.38,801.53,725.19,0,0,2
0192.a1.txt,1041.42,1514.79,792.9,769.23,0,0,1
0193.a1.txt,1356.42,1630.59,880.23,606.06,0,1,1
0194.a1.txt,1201.33,1590.66,856.51,745.27,1,0,1
0195.a1.txt,1374.66,1644.2,700.81,633.42,0,0,0
0196.a1.txt,1344.96,1394.77,797.01,647.57,6,0,0
0197.a1.txt,1578.21,1438.55,754.19,642.46,0,0,0
0198.a1.txt,1428.57,1520.74,660.52,537.63,2,0,1
0199.a1.txt,1515.99,1599.44,570.24,764.95,5,0,0
0200.a1.txt,1364.12,1428.57,837.81,762.62,3,1,1
0201.a1.txt,1167.88,1532.85,656.93,744.53,2,0,0
0202.a1.txt,1653.65,1289.06,690.1,625.0,0,0,1
0203.a1.txt,1660.42,1398.25,699.13,561.8,4,0,1
0204.a1.txt,1612.9,1223.12,672.04,564.52,1,0,1
0205.a1.txt,1398.77,1619.63,785.28,711.66,2,0,0
0206.a1.txt,1182.34,1438.75,655.27,641.03,0,0,2
0207.a1.txt,1329.64,1578.95,650.97,609.42,1,0,0
0208.a1.txt,1629.33,1303.46,936.86,733.2,2,0,2
0209.a1.txt,1432.47,1282.4,654.84,627.56,1,0,3
0212.a1.txt,1488.18,1196.11,723.23,904.03,0,0,0
0213.a1.txt,1529.26,1529.26,904.26,598.4,0,0,2
0214.a1.txt,1313.67,1420.91,656.84,924.93,1,0,0
0215.a1.txt,1380.71,1340.1,497.46,670.05,10,1,10
0216.a1.txt,1531.91,1460.99,780.14,382.98,1,0,1
0217.a1.txt,1296.02,1340.21,927.84,648.01,0,0,0
0218.a1.txt,1524.31,1576.87,775.3,486.2,0,0,0
0219.a1.txt,1587.93,1259.84,761.15,682.41,0,0,0
0221.a1.txt,1413.04,1521.74,720.11,665.76,1,1,3
0222.a1.txt,1542.65,1470.05,798.55,526.32,0,0,1
0223.a1.txt,1467.39,1340.58,905.8,688.41,0,0,0
0224.a1.txt,1331.44,1317.28,694.05,679.89,1,0,1
0226.a1.txt,1580.42,1216.78,965.03,741.26,0,0,0
0227.a1.txt,1443.3,1533.51,747.42,657.22,1,0,1
0232.a1.txt,1467.76,1440.33,740.74,850.48,4,0,1
0233.a1.txt,1447.56,1299.85,886.26,635.16,0,0,1
0234.a1.txt,1570.83,1500.7,729.31,575.04,0,0,0
0235.a1.txt,1736.61,1201.16,824.89,506.51,0,0,0
0236.a1.txt,1221.72,1674.21,648.57,708.9,0,0,0
0238.a1.txt,1303.12,1572.24,764.87,439.09,0,0,1
1001.a1.txt,1867.82,1379.31,833.33,459.77,0,0,0
1003.a1.txt,1619.28,1470.95,791.1,531.52,0,0,0
1004.a1.txt,1482.84,1335.78,759.8,674.02,1,0,5
1005.a1.txt,1674.76,1274.27,776.7,788.83,0,0,1
1006.a1.txt,1383.5,1529.13,873.79,606.8,3,0,0
1007.a1.txt,1522.16,1445.09,635.84,597.3,1,0,3
1008.a1.txt,1631.85,1462.14,626.63,704.96,1,0,0
1009.a1.txt,1853.86,1380.24,717.19,500.68,3,0,3
1010.a1.txt,1414.68,1414.68,804.6,627.76,3,0,2
1012.a1.txt,1763.91,1234.74,773.41,732.7,0,0,0
1013.a1.txt,1205.77,1323.72,694.63,930.54,2,0,1
1014.a1.txt,1605.96,1605.96,794.7,662.25,0,0,3
1016.a1.txt,1205.3,1218.54,781.46,874.17,0,0,0
1017.a1.txt,1567.16,1517.41,845.77,858.21,0,1,0
1018.a1.txt,1711.23,1350.27,975.94,601.6,3,0,1
1019.a1.txt,1708.19,1201.07,782.92,836.3,6,0,4
1020.a1.txt,1379.31,1465.52,632.18,660.92,4,0,2
1021.a1.txt,1401.87,1415.22,694.26,627.5,1,0,2
1022.a1.txt,1518.66,1698.84,630.63,540.54,0,0,0
1023.a1.txt,1556.82,1306.82,727.27,715.91,2,0,2
1024.a1.txt,1457.8,1406.65,741.69,677.75,0,0,0
1026.a1.txt,1116.46,1501.44,702.6,510.11,0,0,0
1027.a1.txt,1606.15,1634.08,712.29,363.13,3,0,0
1029.a1.txt,1486.84,1473.68,828.95,486.84,0,0,0
1031.a1.txt,1286.71,1552.45,657.34,643.36,0,0,1
1032.a1.txt,1455.27,1548.73,787.72,680.91,1,0,1
1034.a1.txt,1642.65,1498.56,648.41,677.23,0,0,0
1036.a1.txt,1422.09,1512.86,801.82,892.59,1,0,1
1037.a1.txt,1321.7,1384.04,810.47,810.47,0,0,0
1038.a1.txt,1332.31,1225.11,643.19,811.64,0,1,3
1039.a1.txt,1246.29,1523.24,662.71,751.73,2,0,1
1041.a1.txt,1182.52,1683.8,578.41,822.62,2,1,0
1042.a1.txt,1574.34,1438.29,758.02,894.07,6,0,2
1043.a1.txt,1514.76,1412.07,718.87,757.38,0,0,0
1044.a1.txt,1678.16,1206.9,988.51,839.08,8,1,3
1047.a1.txt,1340.48,1394.1,924.93,683.65,0,0,4
1049.a1.txt,1263.74,1565.93,700.55,686.81,0,0,0
1050.a1.txt,1285.71,1385.71,814.29,871.43,3,0,0
1052.a1.txt,1268.88,1601.21,528.7,755.29,1,0,0
1054.a1.txt,1696.11,1601.88,588.93,530.04,0,0,1
1055.a1.txt,1712.85,1700.25,617.13,692.7,0,0,0
1056.a1.txt,1132.85,1431.51,710.61,988.67,1,0,2
1057.a1.txt,1449.66,1731.54,751.68,644.3,0,0,0
1058.a1.txt,1391.11,1607.75,592.93,786.77,0,0,1
1060.a1.txt,900.36,1512.61,564.23,744.3,6,0,0
1061.a1.txt,1310.24,1430.72,617.47,707.83,0,0,0
1062.a1.txt,1495.45,1378.41,650.2,637.19,8,0,2
1063.a1.txt,1389.25,1428.57,812.58,668.41,5,0,0
1064.a1.txt,1413.88,1401.03,822.62,861.18,0,0,0
1065.a1.txt,1367.4,1422.65,883.98,1091.16,0,0,0
1066.a1.txt,1523.44,1380.21,664.06,677.08,1,0,0
1067.a1.txt,1499.2,1259.97,765.55,685.81,1,0,1
1068.a1.txt,1697.38,1416.1,601.36,805.04,4,0,1
1069.a1.txt,1501.27,1386.77,839.69,877.86,0,1,1
1070.a1.txt,1363.06,1375.8,853.5,942.68,0,0,1
1071.a1.txt,1509.68,1432.26,670.97,529.03,3,0,4
1072.a1.txt,1451.1,1458.99,701.89,796.53,2,0,0
1073.a1.txt,1488.55,1450.38,674.3,712.47,2,0,0
1074.a1.txt,1698.69,1415.57,768.45,738.12,0,0,0
1076.a1.txt,1529.9,1571.63,751.04,625.87,3,0,1
1077.a1.txt,1682.24,1348.46,947.93,867.82,1,0,0
1078.a1.txt,1550.39,1373.2,620.16,586.93,0,0,1
1081.a1.txt,1424.66,1479.45,684.93,712.33,1,0,0
1082.a1.txt,1303.78,1395.05,651.89,664.93,1,0,1
1086.a1.txt,1164.66,1285.14,789.83,870.15,6,0,2
1088.a1.txt,1728.25,1597.14,774.73,500.6,2,0,1
1089.a1.txt,1655.17,1158.62,841.38,579.31,0,1,0
1090.a1.txt,1396.57,1383.4,592.89,658.76,5,2,0
1092.a1.txt,1119.4,1447.76,626.87,985.07,0,0,0
1094.a1.txt,1210.88,1414.97,721.09,802.72,0,0,0
1095.a1.txt,1471.39,1294.28,722.07,749.32,1,0,1
1096.a1.txt,1354.68,1477.83,726.6,788.18,0,1,1
1097.a1.txt,1457.63,1412.43,745.76,971.75,0,0,0
1098.a1.txt,1418.14,1501.56,636.08,802.92,4,0,0
1099.a1.txt,1515.15,1410.26,769.23,687.65,1,0,1
1100.a1.txt,1356.54,1476.59,852.34,624.25,0,0,0
1102.a1.txt,1330.8,1533.59,811.15,811.15,4,2,1
1103.a1.txt,1317.14,1560.1,716.11,946.29,0,0,0
1104.a1.txt,1393.1,1600.0,579.31,675.86,0,0,1
1105.a1.txt,1351.71,1430.45,748.03,813.65,0,0,0
1106.a1.txt,1828.36,1231.34,684.08,684.08,1,0,0
1109.a1.txt,1482.08,1628.66,846.91,732.9,0,0,0
1112.a1.txt,1379.31,1600.99,689.66,899.01,0,0,0
1121.a1.txt,1664.63,1493.27,844.55,636.47,4,0,5
2000.a1.txt,1635.61,1076.6,807.45,579.71,0,0,0
2004.a1.txt,1635.69,1400.25,929.37,693.93,3,0,0
2005.a1.txt,1640.04,1363.15,820.02,702.88,2,0,0
2007.a1.txt,1660.47,1387.86,978.93,718.71,0,0,0
2008.a1.txt,1670.76,1253.07,995.09,749.39,3,1,1
2009.a1.txt,1325.76,1401.52,625.0,625.0,0,0,1
2011.a1.txt,1760.93,1439.59,886.89,874.04,3,0,0
2012.a1.txt,1745.24,1263.79,962.89,812.44,1,0,3
2013.a1.txt,1478.87,1291.08,774.65,1021.13,1,0,0
2014.a1.txt,1542.78,1374.47,1122.02,855.54,0,0,1
2015.a1.txt,1544.62,1212.81,881.01,663.62,1,0,0
2017.a1.txt,1856.54,1251.76,745.43,576.65,0,0,0
2018.a1.txt,1454.55,1793.94,569.7,484.85,0,0,0
2019.a1.txt,1484.85,1424.24,696.97,636.36,1,0,0
2020.a1.txt,1419.46,1547.05,653.91,749.6,0,0,0
2021.a1.txt,1569.39,1465.63,843.06,661.48,0,0,0
2022.a1.txt,1273.89,1732.48,764.33,662.42,0,0,1
2023.a1.txt,1311.26,1483.44,662.25,768.21,2,0,0
2024.a1.txt,1326.82,1452.51,865.92,782.12,0,0,0
2026.a1.txt,1552.2,1181.32,741.76,796.7,2,0,7
2027.a1.txt,1697.37,1368.42,855.26,763.16,5,0,1
2028.a1.txt,1604.43,1341.63,774.55,857.54,0,0,0
2030.a1.txt,1274.51,1582.63,518.21,644.26,0,0,0
2031.a1.txt,1328.77,1616.44,794.52,808.22,0,0,1
2032.a1.txt,1308.02,1490.86,646.98,773.56,0,0,0
2034.a1.txt,1196.24,1411.29,577.96,873.66,3,0,1
2035.a1.txt,1411.13,1478.97,637.72,827.68,0,0,0
2036.a1.txt,1414.44,1444.11,712.17,830.86,1,0,1
2037.a1.txt,1771.96,1309.71,1186.44,662.56,0,0,0
2038.a1.txt,1822.03,1440.68,805.08,395.48,4,0,3
2039.a1.txt,1514.75,1675.6,777.48,750.67,0,0,0
2040.a1.txt,1797.32,1434.03,707.46,688.34,1,0,1
2041.a1.txt,1352.52,1410.07,935.25,676.26,1,1,0
2042.a1.txt,1134.16,1396.96,733.06,677.73,2,0,0
2044.a1.txt,1525.42,1581.92,607.34,649.72,1,0,0
2045.a1.txt,1886.27,1553.4,721.22,568.65,1,0,0
2046.a1.txt,1763.96,1408.63,634.52,596.45,0,1,2
2047.a1.txt,1646.09,1426.61,781.89,727.02,0,0,0
2048.a1.txt,1322.82,1395.63,800.97,825.24,0,0,1
2049.a1.txt,1593.12,1271.5,575.92,807.78,3,0,5
2050.a1.txt,1763.12,1641.99,605.65,363.39,0,0,0
2051.a1.txt,1610.04,1152.14,1019.2,649.93,2,0,3
2054.a1.txt,1805.93,1226.42,862.53,876.01,4,0,0
2055.a1.txt,1439.51,1577.34,811.64,459.42,0,0,0
2056.a1.txt,1437.13,1377.25,673.65,763.47,0,0,2
2057.a1.txt,1366.71,1583.22,690.12,757.78,0,1,0
2058.a1.txt,1732.8,1402.12,634.92,780.42,2,0,0
2059.a1.txt,1612.9,1344.09,954.3,806.45,0,0,2
2060.a1.txt,1441.86,1550.39,852.71,620.16,0,0,1
2061.a1.txt,1593.22,1101.69,779.66,864.41,4,0,1
2062.a1.txt,1296.52,1512.61,516.21,480.19,1,0,0
2063.a1.txt,1548.48,1606.37,868.31,607.81,0,0,1
2064.a1.txt,1474.72,1573.03,603.93,603.93,0,0,0
2065.a1.txt,1296.02,1502.21,751.1,721.65,0,1,0
2066.a1.txt,1519.34,1450.28,1077.35,787.29,0,0,0
2067.a1.txt,1288.95,1487.25,594.9,623.23,0,0,0
2068.a1.txt,1581.14,1414.7,638.0,582.52,0,0,0
2069.a1.txt,1514.36,1475.2,887.73,561.36,0,0,0
2070.a1.txt,1239.5,1365.55,777.31,672.27,0,0,1
2071.a1.txt,1118.34,1638.49,754.23,702.21,1,0,0
2073.a1.txt,964.23,1399.69,699.84,1119.75,2,0,1
2074.a1.txt,1520.55,1054.79,931.51,972.6,2,0,4
2075.a1.txt,1430.29,1286.06,721.15,721.15,1,2,3
3001.a1.txt,1316.4,1547.34,831.41,623.56,3,0,0
3002.a1.txt,1616.44,1397.26,1178.08,630.14,0,0,0
3003.a1.txt,1666.67,1203.7,1087.96,833.33,2,1,1
3005.a1.txt,1498.77,1818.18,687.96,589.68,1,0,0
3011.a1.txt,2080.2,1102.76,877.19,501.25,0,0,0
3012.a1.txt,1435.29,1505.88,752.94,776.47,0,0,0
3013.a1.txt,1173.71,1408.45,727.7,751.17,3,4,0
3015.a1.txt,1707.92,1608.91,792.08,618.81,0,0,0
3018.a1.txt,1443.04,1291.14,835.44,784.81,0,0,0
3020.a1.txt,1411.76,1364.71,447.06,800.0,0,0,1
3023.a1.txt,1247.0,1510.79,719.42,671.46,0,0,1
3026.a1.txt,1739.13,1231.88,797.1,917.87,2,0,0
3027.a1.txt,1522.16,1387.28,867.05,616.57,0,0,0
3028.a1.txt,1504.95,1366.34,910.89,633.66,0,0,2
3035.a1.txt,1473.68,1178.95,736.84,547.37,4,0,2
3036.a1.txt,1580.25,1604.94,617.28,592.59,0,0,0
3038.a1.txt,1621.0,1506.85,936.07,502.28,0,0,0
3039.a1.txt,1786.94,1443.3,893.47,893.47,0,0,0
3040.a1.txt,1253.82,1865.44,1009.17,703.36,0,0,0
3041.a1.txt,1188.12,1419.14,792.08,429.04,0,0,0
3042.a1.txt,1554.19,1308.79,1002.04,674.85,0,0,0
3044.a1.txt,1624.47,1075.95,843.88,886.08,0,0,1
3045.a1.txt,1211.45,1519.82,682.82,440.53,0,1,0
3062.a1.txt,1635.22,1656.18,712.79,628.93,0,0,2
3063.a1.txt,1566.82,1175.12,691.24,345.62,0,0,2
3064.a1.txt,1670.48,1510.3,732.27,732.27,0,0,0
3065.a1.txt,1710.21,1377.67,570.07,427.55,0,0,1
3066.a1.txt,1966.6,1205.94,927.64,705.01,1,1,2
3067.a1.txt,1694.44,1333.33,805.56,527.78,3,0,0
3068.a1.txt,1625.0,1450.0,825.0,700.0,0,0,0
3072.a1.txt,1509.43,1551.36,859.54,754.72,0,0,0
4011.a1.txt,1390.24,1487.8,658.54,829.27,0,0,0
4013.a1.txt,1428.57,1470.59,714.29,672.27,0,0,0
4014.a1.txt,1456.52,1543.48,391.3,478.26,1,0,2
4042.a1.txt,1336.41,1359.45,714.29,645.16,0,0,1
4043.a1.txt,1396.9,1485.59,731.71,731.71,0,0,0
4045.a1.txt,1758.24,1208.79,857.14,439.56,0,0,0
5005.a1.txt,1458.73,1631.48,748.56,748.56,0,0,0
5015.a1.txt,1275.0,1325.0,625.0,475.0,0,0,0
5022.a1.txt,1657.75,1470.59,561.5,855.61,2,0,0
5031.a1.txt,1435.52,1338.2,875.91,997.57,2,0,0
0100.a2.txt,2235.29,1385.62,849.67,379.08,1,0,2
0101.a2.txt,2288.98,1058.66,615.16,801.14,0,0,0
0102.a2.txt,2002.62,1243.46,706.81,746.07,0,1,1
0103.a2.txt,2135.28,1352.79,1127.32,437.67,0,0,1
0104.a2.txt,2297.11,1086.66,811.55,371.39,4,0,1
0105.a2.txt,1869.92,1341.46,934.96,623.31,0,0,2
0106.a2.txt,1845.95,1248.34,810.09,597.61,0,1,1
0107.a2.txt,1750.63,1460.96,818.64,591.94,2,0,3
0109.a2.txt,1802.07,1344.17,694.24,413.59,2,0,2
0110.a2.txt,2458.1,1424.58,628.49,586.59,1,1,1
0111.a2.txt,2075.47,1509.43,550.31,738.99,0,0,0
0112.a2.txt,2460.53,1144.74,868.42,539.47,0,0,1
0113.a2.txt,2173.38,1294.26,866.91,695.97,0,0,0
0115.a2.txt,2357.04,1394.7,739.19,697.35,0,0,1
0118.a2.txt,1886.23,1541.92,913.17,464.07,1,0,1
0119.a2.txt,1924.63,1399.73,726.78,444.15,0,0,0
0120.a2.txt,1989.1,1280.65,803.81,572.21,0,3,0
0121.a2.txt,2209.6,833.33,808.08,454.55,2,3,1
0122.a2.txt,2000.0,1157.89,781.95,511.28,1,0,4
0125.a2.txt,1971.38,1271.86,1271.86,461.05,0,0,1
0127.a2.txt,2128.33,1236.31,892.02,766.82,1,1,1
0128.a2.txt,1987.34,1088.61,810.13,607.59,2,0,1
0130.a2.txt,2019.35,1124.55,713.42,568.32,4,2,0
0131.a2.txt,2469.3,1296.04,654.84,627.56,0,0,1
0133.a2.txt,1984.9,1100.32,1046.39,571.74,0,0,1
0134.a2.txt,1925.13,895.72,1029.41,802.14,0,0,0
0135.a2.txt,1992.43,1109.71,958.39,554.85,1,0,3
0136.a2.txt,2201.09,1304.35,951.09,339.67,0,0,0
0137.a2.txt,1853.79,1344.65,652.74,652.74,0,0,1
0138.a2.txt,1994.46,1357.34,789.47,484.76,0,0,1
0139.a2.txt,1933.14,1293.6,799.42,625.0,0,0,0
0140.a2.txt,1984.04,1288.48,923.6,501.71,0,0,0
0142.a2.txt,2441.27,1215.53,868.23,408.58,0,0,0
0143.a2.txt,2200.73,1269.65,1027.81,471.58,0,0,0
0146.a2.txt,1722.16,1549.94,734.79,539.61,0,0,0
0148.a2.txt,2117.35,1211.73,573.98,471.94,0,5,4
0149.a2.txt,2147.53,1344.54,700.28,765.64,0,0,4
0150.a2.txt,1766.38,1509.97,698.01,498.58,0,0,0
0155.a2.txt,2230.01,1388.5,1248.25,729.31,0,0,1
0156.a2.txt,1974.92,1191.22,768.03,564.26,1,0,0
0157.a2.txt,1284.77,1562.91,556.29,649.01,0,0,2
0158.a2.txt,1816.92,1373.09,610.26,776.7,0,0,0
0159.a2.txt,1986.75,1165.56,913.91,821.19,0,0,0
0161.a2.txt,2328.59,1254.85,750.32,582.15,0,1,5
0162.a2.txt,2153.85,1314.69,769.23,391.61,0,0,0
0163.a2.txt,1889.53,1090.12,1061.05,828.49,0,0,0
0165.a2.txt,2272.73,1103.9,876.62,535.71,2,1,1
0167.a2.txt,1949.75,1045.23,924.62,673.37,0,0,1
0168.a2.txt,2602.59,1457.88,896.33,496.76,2,3,0
0169.a2.txt,1984.48,1230.6,1352.55,576.5,1,0,1
0171.a2.txt,1936.34,1127.32,848.81,490.72,0,0,1
0172.a2.txt,2284.91,1198.87,677.01,535.97,2,0,0
0173.a2.txt,2359.55,898.88,1285.89,511.86,4,0,1
0174.a2.txt,2415.87,1237.98,973.56,276.44,0,0,2
0175.a2.txt,1909.96,1459.75,668.49,463.85,0,0,1
0176.a2.txt,2399.4,1043.22,819.67,476.9,0,0,0
0177.a2.txt,1716.13,1135.48,954.84,658.06,0,1,1
0178.a2.txt,2166.67,1244.44,1055.56,777.78,1,0,0
0179.a2.txt,2100.84,1274.51,1050.42,420.17,0,0,0
0180.a2.txt,2174.97,1287.97,704.74,668.29,1,0,0
0182.a2.txt,1760.0,1048.89,906.67,488.89,3,1,7
0185.a2.txt,1927.71,1258.37,655.96,495.31,0,1,0
0186.a2.txt,1809.39,1464.09,704.42,718.23,0,0,0
0187.a2.txt,1914.06,1132.81,1002.6,416.67,3,0,0
0188.a2.txt,1788.08,1192.05,966.89,503.31,1,0,1
0189.a2.txt,1885.14,986.27,836.45,486.89,1,1,1
0190.a2.txt,1412.1,1541.79,605.19,749.28,0,0,0
0191.a2.txt,1917.97,1363.09,699.64,518.7,0,0,4
0192.a2.txt,2060.68,1276.86,594.18,682.68,1,0,1
0193.a2.txt,2428.39,1382.32,958.9,473.23,0,1,4
0194.a2.txt,2087.31,1255.12,1009.55,409.28,0,0,2
0195.a2.txt,1412.89,1207.13,644.72,548.7,1,4,5
0196.a2.txt,2164.18,1368.16,808.46,348.26,0,0,0
0197.a2.txt,2063.49,1067.82,851.37,678.21,1,0,0
0198.a2.txt,1984.62,1092.31,846.15,384.62,1,0,0
0199.a2.txt,2061.17,1183.51,944.15,385.64,0,0,0
0200.a2.txt,1767.61,1421.51,754.02,605.69,0,1,3
0201.a2.txt,1613.39,928.46,837.14,365.3,0,0,6
0202.a2.txt,2293.33,1493.33,853.33,373.33,0,0,1
0203.a2.txt,1881.58,1026.32,1131.58,644.74,0,0,1
0204.a2.txt,2087.23,1199.38,700.93,482.87,0,1,1
0205.a2.txt,2306.78,1189.06,951.25,523.19,3,0,4
0206.a2.txt,2057.14,1185.71,785.71,614.29,1,1,0
0207.a2.txt,1940.09,1340.94,756.06,513.55,0,0,0
0208.a2.txt,1862.35,1457.49,819.84,617.41,5,0,0
0209.a2.txt,2510.07,966.44,818.79,295.3,2,0,0
0213.a2.txt,1894.33,1559.28,940.72,592.78,0,0,1
0214.a2.txt,2100.63,1056.6,955.97,654.09,1,1,1
0215.a2.txt,1803.28,1543.72,1051.91,505.46,0,0,0
0216.a2.txt,1801.01,1234.26,1032.75,289.67,0,0,1
0218.a2.txt,2500.0,1290.76,788.04,366.85,0,0,0
0219.a2.txt,1684.07,1396.87,665.8,704.96,0,0,0
0221.a2.txt,2335.77,1138.69,554.74,350.36,0,0,2
0222.a2.txt,2175.79,1311.24,691.64,446.69,2,6,2
0223.a2.txt,2104.66,1114.9,1069.4,284.41,0,2,3
0224.a2.txt,1882.95,1195.93,496.18,394.4,4,0,1
0226.a2.txt,2022.47,1235.96,898.88,632.02,0,0,0
0227.a2.txt,2051.92,988.88,1063.04,593.33,0,1,0
0231.a2.txt,2299.87,1257.94,622.62,470.14,1,0,1
0232.a2.txt,1700.68,1360.54,761.9,775.51,0,0,0
0234.a2.txt,2203.39,1031.07,1031.07,692.09,2,0,2
0235.a2.txt,2439.68,1340.48,978.55,522.79,0,0,1
0236.a2.txt,1679.79,1233.6,918.64,551.18,0,0,0
0237.a2.txt,2063.95,784.88,668.6,392.44,3,0,4
0238.a2.txt,2027.59,1406.9,634.48,551.72,0,0,0
1002.a2.txt,1911.57,1443.43,689.21,442.13,0,0,2
1003.a2.txt,1953.88,1177.18,910.19,424.76,3,0,1
1005.a2.txt,1863.35,1086.96,1097.31,631.47,4,0,1
1006.a2.txt,1921.98,1217.89,818.27,513.8,1,0,2
1007.a2.txt,2148.34,1355.5,639.39,434.78,0,0,3
1008.a2.txt,1984.23,1248.36,735.87,551.91,0,0,1
1009.a2.txt,2217.9,1309.99,765.24,350.19,0,2,0
1010.a2.txt,2183.17,1086.26,1033.01,511.18,0,1,2
1012.a2.txt,2090.16,1215.85,1024.59,478.14,0,0,1
1013.a2.txt,1860.16,1213.72,897.1,633.25,0,0,1
1014.a2.txt,2042.25,1408.45,901.41,450.7,1,0,0
1016.a2.txt,1779.05,1449.07,674.32,545.19,0,0,1
1017.a2.txt,1982.84,981.89,1058.15,552.91,3,2,6
1018.a2.txt,2261.19,1209.19,1052.0,411.12,0,0,0
1019.a2.txt,2536.51,799.39,1222.14,376.63,1,1,1
1020.a2.txt,1882.05,1370.34,494.36,581.09,0,0,3
1021.a2.txt,1868.42,1157.89,802.63,394.74,2,0,1
1022.a2.txt,2396.37,1398.96,582.9,427.46,0,1,0
1023.a2.txt,2124.14,1172.41,882.76,896.55,2,0,0
1026.a2.txt,1627.32,1526.14,666.1,311.97,0,0,1
1029.a2.txt,2330.51,1031.07,819.21,451.98,0,0,2
1031.a2.txt,2424.24,1131.31,787.88,363.64,0,0,2
1032.a2.txt,1551.96,1390.01,472.33,701.75,2,0,0
1034.a2.txt,1560.1,1150.9,907.93,511.51,0,0,1
1036.a2.txt,1831.28,1378.6,534.98,617.28,0,1,1
1039.a2.txt,990.5,1981.0,542.74,854.82,0,0,2
1041.a2.txt,1927.37,1592.18,726.26,544.69,2,0,3
1043.a2.txt,1550.07,1412.89,589.85,644.72,0,0,1
1044.a2.txt,1734.91,1002.16,937.5,786.64,3,1,2
1048.a2.txt,2257.73,1237.11,762.89,484.54,0,0,1
1049.a2.txt,2640.45,1123.6,969.1,477.53,0,0,1
1050.a2.txt,2078.09,1007.56,1032.75,566.75,1,0,0
1055.a2.txt,1771.43,1457.14,928.57,457.14,0,0,1
1056.a2.txt,2013.65,1274.18,739.48,637.09,5,0,2
1057.a2.txt,1360.72,1309.37,757.38,474.97,1,0,0
1058.a2.txt,2451.3,1363.64,925.32,730.52,0,0,4
1060.a2.txt,1513.86,1023.45,831.56,682.3,7,1,3
1061.a2.txt,1623.62,1439.11,799.51,627.31,0,0,0
1062.a2.txt,2330.35,1165.17,819.46,499.36,0,0,1
1064.a2.txt,2085.64,1174.03,773.48,773.48,0,0,3
1065.a2.txt,1877.55,1255.1,857.14,826.53,1,0,0
1067.a2.txt,2589.53,1404.96,1143.25,509.64,0,0,2
1068.a2.txt,1722.3,1148.2,1001.34,373.83,0,1,10
1069.a2.txt,2361.62,984.01,885.61,615.01,3,0,6
1070.a2.txt,2028.24,1232.35,680.36,590.5,0,1,1
1072.a2.txt,2315.44,973.15,939.6,413.87,0,1,4
1074.a2.txt,2139.64,1193.69,968.47,551.8,0,0,0
1077.a2.txt,1950.89,1132.33,832.2,613.92,4,0,5
1078.a2.txt,1239.55,1309.19,752.09,584.96,0,0,2
1081.a2.txt,1846.69,1161.44,789.78,441.35,2,0,6
1088.a2.txt,2141.03,1269.23,1064.1,512.82,0,0,0
1090.a2.txt,2135.71,1323.69,667.41,556.17,0,0,2
1092.a2.txt,1619.05,1360.54,625.85,775.51,1,0,2
1094.a2.txt,1796.25,1434.32,764.08,710.46,0,0,0
1095.a2.txt,2048.85,1560.38,664.86,447.76,0,0,0
1097.a2.txt,2223.65,1156.81,796.92,475.58,1,0,2
1098.a2.txt,1946.8,1487.3,773.88,435.31,4,0,2
1099.a2.txt,2258.06,1204.3,569.89,526.88,3,0,0
1100.a2.txt,1975.14,1464.09,759.67,621.55,1,1,1
1102.a2.txt,2072.54,1321.24,803.11,518.13,0,2,0
1103.a2.txt,1992.14,1271.3,720.84,668.41,0,0,0
1104.a2.txt,2163.98,1209.68,913.98,456.99,1,0,0
1105.a2.txt,2040.3,1196.47,642.32,591.94,0,0,0
1106.a2.txt,2206.06,1006.06,884.85,618.18,3,1,7
1109.a2.txt,2071.1,1313.76,1128.28,340.03,0,0,0
1112.a2.txt,1692.13,1351.35,893.07,669.8,1,0,1
1121.a2.txt,1771.84,1165.05,910.19,582.52,3,0,1
2000.a2.txt,2173.25,1337.39,1063.83,303.95,5,0,2
2005.a2.txt,2278.79,1321.21,800.0,521.21,1,0,2
2007.a2.txt,1988.02,1125.75,994.01,491.02,5,0,5
2009.a2.txt,2101.45,1130.43,985.51,376.81,0,0,1
2011.a2.txt,2660.3,900.41,982.26,627.56,0,0,2
2012.a2.txt,2022.79,1282.05,826.21,712.25,0,0,1
2013.a2.txt,2365.89,990.37,921.6,687.76,0,0,1
2014.a2.txt,2236.15,1274.82,940.44,606.06,0,1,3
2015.a2.txt,2112.68,830.99,661.97,323.94,2,0,0
2016.a2.txt,2276.79,1324.4,803.57,565.48,0,0,3
2017.a2.txt,2159.24,1295.55,944.67,647.77,0,0,0
2018.a2.txt,2600.26,1177.23,1138.42,478.65,2,0,1
2019.a2.txt,1628.66,1579.8,846.91,358.31,2,0,0
2020.a2.txt,2636.99,821.92,1301.37,359.59,0,0,2
2021.a2.txt,2045.76,1170.93,1076.72,780.62,0,0,0
2022.a2.txt,1580.46,818.97,962.64,387.93,2,0,18
2023.a2.txt,1640.42,1259.84,787.4,433.07,0,1,3
2024.a2.txt,1912.18,1430.59,1104.82,552.41,0,0,1
2026.a2.txt,1949.93,1225.3,698.29,487.48,0,0,2
2027.a2.txt,2126.98,1142.86,1000.0,460.32,1,0,0
2030.a2.txt,1596.96,1622.31,506.97,659.06,0,0,0
2031.a2.txt,1978.02,1147.74,1050.06,683.76,0,0,1
2032.a2.txt,2231.01,1329.11,1060.13,585.44,0,0,0
2034.a2.txt,2294.87,1025.64,935.9,743.59,2,0,1
2035.a2.txt,1816.09,1356.32,850.57,586.21,1,0,0
2036.a2.txt,1783.22,1351.98,850.82,547.79,0,0,0
2038.a2.txt,2250.71,1039.89,1125.36,512.82,1,0,2
2039.a2.txt,2219.42,1235.81,920.55,668.35,0,1,0
2040.a2.txt,2124.22,1217.39,795.03,447.2,6,0,2
2041.a2.txt,1828.57,928.57,928.57,328.57,0,1,5
2042.a2.txt,1953.69,1157.74,810.42,593.34,0,0,0
2044.a2.txt,1528.15,1286.86,817.69,361.93,3,1,2
2045.a2.txt,1966.29,1134.83,1078.65,494.38,1,1,3
2046.a2.txt,2618.45,1172.07,1321.7,324.19,0,0,1
2047.a2.txt,2356.09,1097.72,1365.46,401.61,0,0,2
2048.a2.txt,2004.98,1108.34,784.56,585.31,0,0,2
2049.a2.txt,1798.11,1188.22,609.88,715.04,0,1,2
2050.a2.txt,2552.3,1101.81,1032.08,418.41,0,0,2
2055.a2.txt,2077.56,1288.09,678.67,387.81,0,0,1
2056.a2.txt,1518.8,1293.23,1007.52,706.77,0,0,0
2057.a2.txt,1914.56,1218.35,775.32,632.91,0,1,0
2058.a2.txt,2311.69,1103.9,857.14,597.4,1,0,2
2059.a2.txt,2503.4,1278.91,1074.83,517.01,0,0,3
2060.a2.txt,1824.0,1408.0,752.0,688.0,0,0,1
2061.a2.txt,2339.79,1073.03,968.7,655.74,0,0,0
2062.a2.txt,1757.96,1299.36,738.85,713.38,1,0,0
2063.a2.txt,1780.37,1264.56,1031.61,715.47,0,0,0
2064.a2.txt,2306.59,1160.46,644.7,587.39,0,0,1
2065.a2.txt,2030.39,1174.03,1146.41,621.55,0,0,1
2066.a2.txt,2267.72,1212.6,850.39,598.43,0,0,0
2067.a2.txt,1477.9,1464.09,953.04,414.36,0,0,0
2068.a2.txt,2071.71,1235.06,650.73,756.97,1,0,0
2069.a2.txt,1894.45,1204.33,784.84,595.4,0,0,0
2070.a2.txt,1747.7,1235.22,827.86,473.06,1,1,2
2071.a2.txt,1596.75,1691.47,622.46,473.61,0,0,0
2072.a2.txt,2103.0,1244.64,543.63,643.78,0,0,0
2074.a2.txt,2212.16,1034.93,1021.99,556.27,2,1,7
2075.a2.txt,2253.36,1008.97,1098.65,571.75,1,0,1
3001.a2.txt,1281.14,1423.49,593.12,533.81,0,0,3
3002.a2.txt,1851.85,1451.85,918.52,548.15,0,0,0
3003.a2.txt,2328.93,1080.43,1236.49,468.19,0,0,2
3012.a2.txt,1589.31,1223.63,661.04,576.65,0,0,1
3013.a2.txt,1700.0,1471.43,785.71,328.57,0,0,2
3018.a2.txt,2112.02,1260.21,1108.52,653.44,1,0,2
3020.a2.txt,2322.83,997.38,826.77,367.45,2,1,0
3023.a2.txt,1851.35,1418.92,716.22,500.0,0,0,0
3026.a2.txt,2465.75,1221.46,696.35,502.28,0,0,1
3028.a2.txt,2484.94,873.49,903.61,481.93,1,0,3
3033.a2.txt,2146.07,1438.2,707.87,505.62,2,0,1
3035.a2.txt,1918.32,1336.63,804.46,433.17,0,0,4
3036.a2.txt,2514.71,1279.41,764.71,411.76,0,0,0
3037.a2.txt,2470.67,1007.59,1076.6,510.7,2,0,1
3040.a2.txt,1768.71,1455.78,639.46,612.24,0,0,1
3041.a2.txt,2426.19,1193.84,693.2,295.25,1,1,2
3042.a2.txt,1944.06,1314.69,979.02,783.22,0,0,0
3044.a2.txt,1579.67,1153.85,865.38,494.51,0,1,6
3045.a2.txt,2033.33,1188.89,1011.11,466.67,0,0,1
3062.a2.txt,1941.62,1395.94,621.83,482.23,0,0,0
3063.a2.txt,1889.57,1104.29,981.6,588.96,1,1,3
3064.a2.txt,2091.5,1150.33,888.89,431.37,0,0,0
3065.a2.txt,2514.71,1264.71,1073.53,573.53,1,0,0
3067.a2.txt,2066.12,1198.35,798.9,385.67,1,1,0
3068.a2.txt,1936.76,1159.42,750.99,553.36,0,1,1
3072.a2.txt,2058.82,1090.69,906.86,674.02,1,0,0
4001.a2.txt,1891.89,1459.46,770.27,540.54,0,0,0
4002.a2.txt,2404.58,1246.82,699.75,407.12,0,0,0
4003.a2.txt,1988.95,1477.9,593.92,469.61,0,0,0
4004.a2.txt,2409.97,1218.84,761.77,457.06,0,0,0
4005.a2.txt,2516.27,1106.29,1149.67,455.53,0,0,1
4006.a2.txt,2300.14,1107.99,1037.87,434.78,0,0,1
4008.a2.txt,1715.77,1265.16,727.9,866.55,0,0,0
4009.a2.txt,1843.0,1319.68,546.08,409.56,0,0,0
4010.a2.txt,2158.18,1166.22,1099.2,536.19,0,0,0
4011.a2.txt,2319.05,1462.33,649.93,487.44,1,0,2
4012.a2.txt,2141.92,1287.78,880.42,446.78,0,0,1
4013.a2.txt,2233.68,1248.57,904.93,458.19,2,0,0
4014.a2.txt,2289.16,977.24,883.53,535.48,1,0,4
4015.a2.txt,2577.46,1169.01,943.66,478.87,0,0,2
4016.a2.txt,1696.28,1534.73,726.98,403.88,0,0,0
4017.a2.txt,2172.37,1003.54,1003.54,791.03,2,0,1
4018.a2.txt,1884.06,1278.0,658.76,527.01,0,0,1
4019.a2.txt,1693.99,1612.02,860.66,587.43,0,0,0
4020.a2.txt,1787.79,1075.58,843.02,537.79,4,0,3
4021.a2.txt,1814.46,1391.54,627.56,572.99,0,0,1
4022.a2.txt,2132.35,1411.76,632.35,470.59,0,0,0
4023.a2.txt,1623.93,1552.71,584.05,527.07,0,0,0
4024.a2.txt,1971.09,1090.67,946.12,670.17,0,0,0
4025.a2.txt,2024.35,1248.1,821.92,791.48,0,0,0
4026.a2.txt,2281.62,1029.99,938.72,495.44,4,1,1
4027.a2.txt,2300.1,1026.65,1046.4,493.58,0,0,1
4028.a2.txt,2046.07,1395.66,772.36,623.31,1,0,1
4029.a2.txt,2064.9,1312.68,589.97,442.48,1,0,2
4030.a2.txt,2098.27,1075.7,677.29,823.37,1,0,0
4032.a2.txt,2161.86,1075.39,1031.04,576.5,0,1,1
4033.a2.txt,1403.73,1503.11,695.65,658.39,0,0,0
4035.a2.txt,2307.69,1342.38,769.23,723.98,0,0,2
4036.a2.txt,1772.15,1279.89,914.21,1012.66,1,0,1
4037.a2.txt,2438.69,1117.17,653.95,272.48,0,0,0
4039.a2.txt,1672.79,1305.15,680.15,459.56,2,0,0
4040.a2.txt,1891.89,1209.1,583.21,497.87,1,0,0
4041.a2.txt,1900.12,1595.62,706.46,450.67,0,0,0
4042.a2.txt,2169.01,1253.52,647.89,309.86,0,0,0
4043.a2.txt,1452.51,1382.68,963.69,824.02,0,0,0
4044.a2.txt,2037.67,1455.48,753.42,530.82,3,0,1
4045.a2.txt,1782.44,1100.92,838.79,773.26,0,0,2
4048.a2.txt,2339.83,974.93,1002.79,571.03,1,0,0
5001.a2.txt,2067.45,821.11,879.77,630.5,5,0,1
5002.a2.txt,1612.9,1350.06,704.9,549.58,0,1,1
5003.a2.txt,2098.95,1184.41,1139.43,719.64,0,0,1
5004.a2.txt,1612.45,1343.71,509.19,438.47,1,0,2
5005.a2.txt,1879.02,1209.78,669.24,489.06,0,0,0
5006.a2.txt,2295.6,1132.08,1430.82,361.64,0,0,3
5007.a2.txt,2240.0,1120.0,880.0,266.67,1,0,0
5008.a2.txt,2378.85,1174.74,1042.58,499.27,0,0,0
5010.a2.txt,1688.03,993.59,844.02,737.18,2,2,6
5011.a2.txt,1771.12,1117.17,885.56,722.07,3,1,1
5012.a2.txt,2669.63,1279.2,956.62,634.04,0,0,2
5013.a2.txt,1819.76,1247.83,831.89,589.25,5,1,1
5014.a2.txt,1890.76,1386.55,588.24,448.18,0,0,0
5016.a2.txt,1861.2,1340.69,662.46,205.05,0,0,0
5017.a2.txt,2045.45,1243.32,1109.63,695.19,2,0,0
5018.a2.txt,1918.53,1222.08,919.84,683.31,0,0,0
5020.a2.txt,1993.72,1224.49,973.31,533.75,0,0,0
5021.a2.txt,2086.05,1316.82,704.04,521.51,0,0,0
5022.a2.txt,2045.78,1001.43,1087.27,600.86,0,0,0
5023.a2.txt,1745.79,1317.0,719.75,750.38,0,0,0
5024.a2.txt,1699.25,977.44,766.92,691.73,2,1,5
5025.a2.txt,2017.67,1134.02,706.92,736.38,4,0,0
5026.a2.txt,1840.73,1122.72,900.78,665.8,0,1,7
5027.a2.txt,1525.66,1206.66,748.96,513.18,0,0,0
5028.a2.txt,1551.02,1020.41,666.67,653.06,0,1,4
5029.a2.txt,2098.59,1352.11,746.48,521.13,1,0,1
5030.a2.txt,1986.11,1027.78,902.78,569.44,2,0,0
5031.a2.txt,2550.04,1105.31,791.99,731.07,0,0,0
5032.a2.txt,2307.69,1146.59,928.88,624.09,0,1,0
5033.a2.txt,1705.64,1458.05,646.49,508.94,0,0,1
5034.a2.txt,2026.05,1432.71,955.14,549.93,1,0,1
5035.a2.txt,2187.5,1339.29,967.26,803.57,0,0,1
5036.a2.txt,2318.84,1144.93,971.01,318.84,0,0,0
5037.a2.txt,2108.11,1081.08,851.35,581.08,0,0,0
5038.a2.txt,2122.45,1115.65,1006.8,585.03,1,0,0
5039.a2.txt,2022.79,1054.13,911.68,470.09,1,1,5
5040.a2.txt,2199.45,1284.15,669.4,587.43,0,0,2
5041.a2.txt,1944.85,1364.3,769.23,449.93,0,0,0
5042.a2.txt,2421.05,1223.68,815.79,355.26,0,0,0
5043.a2.txt,2071.43,1514.29,714.29,785.71,0,0,0
5044.a2.txt,2957.14,1300.0,671.43,457.14,0,0,0
5045.a2.txt,2208.67,1097.56,934.96,474.25,1,9,4
5046.a2.txt,1953.69,1403.76,911.72,651.23,0,0,0
5047.a2.txt,2164.18,1318.41,708.96,572.14,0,0,0
5048.a2.txt,1754.39,1430.5,634.28,620.78,0,0,0
5049.a2.txt,2006.08,1276.6,729.48,759.88,0,2,1
0101.a3.txt,2184.77,1210.99,811.49,499.38,1,0,2
0102.a3.txt,1974.84,1194.97,591.19,402.52,2,0,0
0103.a3.txt,2222.22,968.25,1142.86,634.92,7,0,2
0104.a3.txt,1778.39,1190.15,670.31,574.56,2,0,0
0105.a3.txt,1757.49,1389.65,681.2,844.69,2,0,2
0106.a3.txt,2418.48,1046.2,842.39,652.17,1,0,0
0107.a3.txt,2411.44,1117.17,926.43,517.71,4,0,0
0109.a3.txt,2130.68,1406.25,497.16,454.55,2,0,0
0110.a3.txt,2172.74,1349.53,728.74,539.81,2,0,0
0111.a3.txt,2119.01,1277.21,580.55,435.41,3,0,1
0112.a3.txt,2249.67,1157.35,793.24,702.21,1,0,0
0115.a3.txt,2446.04,1294.96,733.81,776.98,0,0,0
0118.a3.txt,2647.98,1152.65,919.0,358.26,0,0,1
0119.a3.txt,2318.06,1212.94,808.63,512.13,1,0,1
0120.a3.txt,2275.54,1099.07,1006.19,588.24,0,0,0
0121.a3.txt,2116.24,1147.54,536.51,640.83,3,0,0
0122.a3.txt,2560.0,1186.67,733.33,493.33,0,0,1
0125.a3.txt,2287.67,1013.7,1123.29,520.55,3,0,2
0127.a3.txt,2078.12,1109.38,812.5,593.75,8,0,1
0128.a3.txt,2112.07,1221.26,545.98,689.66,3,0,2
0130.a3.txt,1801.32,1125.83,781.46,821.19,2,0,0
0131.a3.txt,2404.53,1188.12,792.08,792.08,0,0,0
0133.a3.txt,1977.53,1078.65,584.27,707.87,4,0,2
0134.a3.txt,2272.13,1070.01,1096.43,647.29,0,0,0
0135.a3.txt,2180.56,1222.22,708.33,458.33,1,0,0
0136.a3.txt,2215.11,1344.43,691.42,486.56,0,0,0
0137.a3.txt,2261.24,1039.33,898.88,758.43,0,0,0
0138.a3.txt,2249.19,1391.59,695.79,388.35,0,0,0
0139.a3.txt,2174.54,1459.23,715.31,371.96,0,0,0
0142.a3.txt,2340.86,1252.57,1067.76,328.54,0,0,0
0143.a3.txt,2423.08,1025.64,653.85,435.9,5,0,0
0146.a3.txt,1693.55,1559.14,672.04,577.96,3,0,0
0149.a3.txt,2338.71,1282.26,637.1,701.61,0,0,0
0155.a3.txt,2021.53,1148.33,825.36,502.39,2,0,1
0156.a3.txt,2146.74,1263.59,625.0,448.37,2,0,0
0157.a3.txt,1639.12,1363.64,674.93,633.61,0,0,0
0158.a3.txt,1923.64,1292.22,822.32,528.63,2,0,0
0159.a3.txt,2389.85,1214.95,587.45,667.56,1,0,4
0161.a3.txt,2307.69,1034.97,909.09,531.47,0,0,0
0162.a3.txt,2618.38,974.93,793.87,459.61,0,0,0
0163.a3.txt,2002.65,1127.32,795.76,702.92,0,0,2
0165.a3.txt,1900.12,1327.65,669.91,511.57,4,0,1
0168.a3.txt,1877.73,1353.71,756.91,538.57,1,0,2
0169.a3.txt,2377.81,1149.27,673.71,488.77,2,0,4
0171.a3.txt,1971.66,1416.77,684.77,602.13,2,0,0
0172.a3.txt,2240.51,1164.56,822.78,468.35,1,0,0
0173.a3.txt,2328.77,1308.98,593.61,563.17,1,0,1
0174.a3.txt,2089.55,1164.18,1223.88,477.61,1,0,1
0175.a3.txt,2086.23,1293.46,611.96,417.25,1,0,0
0176.a3.txt,2356.09,1178.05,548.86,455.15,3,0,0
0177.a3.txt,2150.26,1191.71,803.11,803.11,4,0,0
0178.a3.txt,2305.05,1112.39,871.56,688.07,0,0,1
0179.a3.txt,2460.94,1276.04,638.02,442.71,2,0,2
0182.a3.txt,2247.47,1212.12,694.44,643.94,0,0,2
0185.a3.txt,2197.66,1248.37,689.21,546.16,2,0,2
0186.a3.txt,2063.27,1114.17,866.57,797.8,2,0,0
0187.a3.txt,1813.26,1096.08,947.23,514.21,7,0,1
0188.a3.txt,1910.11,1334.27,842.7,603.93,1,0,0
0189.a3.txt,2131.47,1284.86,627.49,567.73,0,0,0
0190.a3.txt,1745.83,1412.07,603.34,526.32,1,0,3
0192.a3.txt,1654.57,1393.32,609.58,261.25,1,0,0
0193.a3.txt,2250.0,1347.22,652.78,388.89,2,1,0
0195.a3.txt,2192.74,1089.39,474.86,698.32,1,0,1
0196.a3.txt,2164.18,1368.16,808.46,348.26,0,0,0
0198.a3.txt,2050.26,1150.79,529.1,542.33,2,1,0
0199.a3.txt,2103.86,1225.03,625.83,599.2,0,0,1
0200.a3.txt,2373.6,1151.69,800.56,856.74,0,0,1
0202.a3.txt,2154.15,1264.82,1027.67,454.55,0,0,0
0203.a3.txt,2668.46,1239.89,835.58,431.27,4,0,1
0204.a3.txt,2341.77,1297.47,648.73,601.27,2,0,1
0205.a3.txt,2343.39,1171.69,696.06,510.44,2,0,1
0206.a3.txt,2511.14,1144.13,668.65,356.61,3,0,0
0207.a3.txt,1760.66,1334.25,660.25,330.12,0,1,0
0208.a3.txt,2163.59,1385.22,514.51,857.52,0,0,0
0209.a3.txt,2493.04,1281.34,626.74,306.41,3,0,4
0213.a3.txt,1976.74,1511.63,865.63,452.2,1,0,0
0214.a3.txt,1901.6,1077.13,957.45,611.7,5,0,3
0215.a3.txt,1917.29,1400.38,507.52,469.92,2,0,4
0216.a3.txt,2654.99,1091.64,781.67,512.13,1,0,1
0218.a3.txt,2120.42,1361.26,641.36,379.58,0,0,1
0219.a3.txt,2331.9,1344.78,615.16,658.08,1,0,1
0221.a3.txt,2051.67,1367.78,623.1,349.54,0,0,0
0222.a3.txt,2091.99,1468.84,608.31,489.61,2,0,1
0223.a3.txt,2028.42,1240.31,671.83,710.59,0,0,1
0224.a3.txt,2064.61,1067.42,744.38,519.66,6,0,3
0226.a3.txt,2186.34,1068.32,559.01,608.7,2,0,0
0227.a3.txt,2080.24,1188.71,787.52,534.92,1,0,1
0231.a3.txt,2545.71,1181.43,759.49,520.39,1,0,0
0232.a3.txt,1964.53,1432.47,859.48,491.13,1,0,1
0234.a3.txt,1994.13,1202.35,645.16,454.55,2,0,4
0235.a3.txt,1863.7,1279.55,542.42,403.34,1,0,1
0236.a3.txt,2003.23,1357.03,630.05,726.98,2,0,0
0237.a3.txt,2415.2,1031.21,909.09,379.92,0,0,1
0238.a3.txt,2008.25,1444.29,646.49,330.12,0,0,0
1003.a3.txt,2461.68,1289.45,811.54,459.87,7,0,1
1005.a3.txt,2180.85,1223.4,744.68,518.62,0,0,0
1006.a3.txt,2014.39,1330.94,851.32,671.46,2,1,3
1007.a3.txt,2242.09,1292.98,797.8,674.0,0,0,0
1008.a3.txt,2023.97,1118.51,652.46,679.09,1,0,2
1009.a3.txt,2148.5,1311.22,868.88,394.94,0,0,1
1012.a3.txt,2279.94,1284.27,793.65,490.62,1,0,1
1013.a3.txt,2088.52,1175.66,650.07,428.77,1,0,1
1014.a3.txt,2445.14,1206.9,705.33,376.18,2,0,1
1017.a3.txt,2146.4,1401.99,806.45,632.75,0,0,0
1018.a3.txt,2109.14,1504.42,752.21,560.47,0,0,0
1020.a3.txt,2196.41,1235.48,675.82,633.58,1,0,0
1021.a3.txt,1940.3,1426.2,646.77,480.93,1,0,2
1022.a3.txt,2362.32,1347.83,739.13,405.8,1,0,1
1023.a3.txt,1980.79,1128.45,756.3,948.38,3,1,0
1032.a3.txt,1707.95,1447.2,873.53,756.19,0,0,0
1034.a3.txt,2240.6,1187.97,691.73,345.86,1,0,1
1036.a3.txt,2357.95,1107.95,823.86,539.77,1,0,0
1041.a3.txt,1957.39,1384.82,705.73,439.41,8,0,1
1043.a3.txt,1965.92,1140.24,760.16,694.63,5,0,2
1048.a3.txt,2530.86,1283.95,580.25,567.9,0,0,0
1049.a3.txt,1909.34,1401.1,728.02,618.13,0,0,0
1050.a3.txt,2425.11,1226.82,670.47,499.29,1,0,0
1052.a3.txt,2465.52,1241.38,689.66,379.31,1,0,0
1055.a3.txt,1916.79,1322.44,772.66,638.93,2,0,2
1057.a3.txt,1890.24,1268.29,743.9,560.98,1,0,1
1058.a3.txt,2621.36,1213.59,606.8,521.84,1,0,2
1060.a3.txt,2055.7,1233.42,795.76,570.29,0,0,1
1061.a3.txt,2024.92,1214.95,623.05,498.44,0,0,0
1064.a3.txt,2404.89,1304.35,720.11,570.65,0,0,0
1065.a3.txt,2148.94,1234.04,744.68,617.02,0,0,1
1066.a3.txt,2272.73,1336.9,681.82,561.5,0,0,1
1067.a3.txt,1752.41,1237.94,884.24,418.01,5,0,0
1068.a3.txt,2095.24,1396.83,682.54,492.06,0,1,0
1069.a3.txt,2204.52,956.18,730.41,464.81,3,0,1
1070.a3.txt,2352.94,1411.76,691.18,500.0,1,0,1
1072.a3.txt,2427.88,1117.79,841.35,564.9,0,0,0
1074.a3.txt,2092.73,1253.13,751.88,488.72,0,0,0
1077.a3.txt,2604.32,1136.69,892.09,503.6,1,1,1
1081.a3.txt,1812.87,964.91,877.19,584.8,1,0,1
1088.a3.txt,2220.9,1353.92,700.71,486.94,2,1,0
1090.a3.txt,1961.29,1187.1,632.26,477.42,2,0,1
1094.a3.txt,2057.61,1426.61,672.15,534.98,1,0,0
1095.a3.txt,2197.07,1211.72,625.83,439.41,4,0,3
1097.a3.txt,2557.13,1251.36,772.58,424.37,1,1,1
1098.a3.txt,1946.31,1331.1,469.8,570.47,5,0,3
1099.a3.txt,2420.09,1095.89,761.04,395.74,1,0,0
1100.a3.txt,2340.14,1115.65,802.72,462.59,0,0,0
1102.a3.txt,2280.22,1208.79,590.66,631.87,2,0,0
1103.a3.txt,1644.0,1199.01,729.3,741.66,4,0,3
1104.a3.txt,2403.43,1351.93,525.75,622.32,2,0,0
1105.a3.txt,1927.14,1222.09,669.8,575.79,2,0,1
1106.a3.txt,2110.63,1295.49,684.13,451.24,2,0,1
1109.a3.txt,2079.57,1428.57,777.58,614.83,0,0,0
1112.a3.txt,1916.33,1430.5,715.25,593.79,1,0,0
1121.a3.txt,2187.12,1142.16,826.25,558.93,9,0,2
2000.a3.txt,2468.62,1018.13,711.3,334.73,0,0,1
2005.a3.txt,1691.79,1289.78,820.77,770.52,0,1,2
2007.a3.txt,2036.75,1225.11,1041.35,581.93,1,1,1
2008.a3.txt,2149.53,1059.19,903.43,560.75,0,1,0
2011.a3.txt,2649.2,1222.71,771.47,422.13,1,0,0
2012.a3.txt,2070.59,1152.94,976.47,705.88,0,0,2
2013.a3.txt,2413.79,1048.85,948.28,603.45,0,0,0
2014.a3.txt,2313.0,1208.29,747.99,736.48,4,0,0
2015.a3.txt,2324.25,903.87,616.93,645.62,1,0,1
2016.a3.txt,2531.79,1052.02,531.79,369.94,10,0,6
2017.a3.txt,2109.48,1214.95,747.66,480.64,1,0,0
2018.a3.txt,2284.6,1475.2,574.41,339.43,1,0,0
2019.a3.txt,2118.1,1399.23,513.48,359.44,3,0,0
2020.a3.txt,2141.68,1153.21,971.99,658.98,0,0,1
2021.a3.txt,2194.79,1289.44,973.94,631.0,3,0,0
2022.a3.txt,1902.59,1217.66,700.15,593.61,0,0,1
2024.a3.txt,1985.2,1405.67,653.51,579.53,0,0,0
2026.a3.txt,2005.14,1311.05,552.7,526.99,0,0,0
2028.a3.txt,2000.0,1132.35,852.94,852.94,2,0,2
2030.a3.txt,2352.94,1406.03,530.85,416.07,1,0,0
2031.a3.txt,1684.98,1343.1,866.91,732.6,1,0,1
2032.a3.txt,2369.11,1164.92,772.25,510.47,0,2,0
2034.a3.txt,2103.79,1332.4,645.16,841.51,1,0,0
2035.a3.txt,2226.95,1163.12,1063.83,666.67,0,0,0
2036.a3.txt,1822.6,1215.07,558.93,668.29,2,0,1
2038.a3.txt,2330.94,1309.35,604.32,489.21,1,0,2
2039.a3.txt,2303.8,1113.92,708.86,443.04,1,0,1
2040.a3.txt,2383.64,1142.45,662.91,225.67,1,0,2
2041.a3.txt,2219.42,1424.97,655.74,479.19,2,0,2
2042.a3.txt,1917.61,1335.23,696.02,667.61,2,0,0
2044.a3.txt,2216.91,1291.87,669.86,494.42,1,1,1
2045.a3.txt,2061.99,1212.94,781.67,498.65,3,0,2
2046.a3.txt,2477.48,1216.22,1186.19,510.51,0,0,0
2047.a3.txt,2226.72,1268.56,958.16,526.32,0,0,0
2048.a3.txt,2309.47,1085.45,796.77,357.97,5,0,3
2049.a3.txt,2185.9,1195.1,929.52,531.15,0,0,1
2050.a3.txt,2510.12,1147.1,863.7,404.86,2,0,1
2055.a3.txt,2287.82,1303.81,615.01,356.7,2,0,0
2056.a3.txt,2100.95,1255.12,559.35,750.34,3,0,0
2057.a3.txt,1925.75,1241.3,858.47,522.04,2,0,4
2058.a3.txt,2205.51,1253.13,689.22,701.75,3,0,2
2059.a3.txt,2320.44,1215.47,828.73,414.36,7,0,7
2060.a3.txt,3064.52,806.45,483.87,483.87,0,0,1
2061.a3.txt,2297.98,1338.38,732.32,618.69,3,0,0
2062.a3.txt,2011.33,1430.59,708.22,481.59,0,0,0
2063.a3.txt,2330.71,1417.32,551.18,346.46,0,0,0
2064.a3.txt,2275.28,955.06,688.2,379.21,1,0,1
2065.a3.txt,2329.75,1379.93,519.71,519.71,0,0,5
2066.a3.txt,2522.85,1425.96,676.42,475.32,0,0,0
2067.a3.txt,2002.82,1325.81,662.91,366.71,1,0,0
2069.a3.txt,1991.81,1418.83,641.2,682.13,0,0,0
2071.a3.txt,2035.83,1335.5,586.32,553.75,0,0,1
2074.a3.txt,2162.92,1207.87,828.65,575.84,4,1,4
2075.a3.txt,1936.34,1313.0,875.33,610.08,0,0,0
3001.a3.txt,2168.02,1368.56,677.51,447.15,0,0,0
3003.a3.txt,2517.34,1169.47,1020.81,416.25,0,1,0
3013.a3.txt,1649.93,1391.68,717.36,530.85,3,0,0
3015.a3.txt,2163.16,1124.85,1174.29,642.77,0,0,1
3018.a3.txt,2159.51,1447.85,687.12,564.42,0,0,0
3020.a3.txt,2010.49,1206.29,786.71,506.99,1,0,1
3023.a3.txt,2182.81,1350.61,463.85,627.56,2,0,1
3026.a3.txt,1723.2,1424.69,637.72,407.06,2,0,2
3037.a3.txt,2398.0,1199.0,965.86,591.17,5,0,6
3040.a3.txt,2084.94,1389.96,823.68,759.33,3,0,0
3041.a3.txt,2113.26,1395.03,897.79,524.86,1,0,4
3042.a3.txt,1691.62,1497.01,718.56,733.53,1,0,1
3044.a3.txt,2079.59,1116.82,718.87,410.78,2,0,5
3062.a3.txt,2662.98,1149.17,917.13,651.93,2,0,1
3063.a3.txt,2358.37,1212.12,645.59,711.46,1,0,1
3065.a3.txt,2103.96,1262.38,804.46,371.29,1,0,0
3067.a3.txt,2098.77,1358.02,913.58,555.56,3,0,1
3072.a3.txt,2558.64,1204.69,660.98,607.68,3,0,2
4001.a3.txt,2029.97,1158.04,1035.42,899.18,2,0,1
4002.a3.txt,2526.46,1044.97,701.06,582.01,2,0,3
4003.a3.txt,2174.5,1248.32,939.6,657.72,3,0,0
4004.a3.txt,2205.48,1383.56,643.84,534.25,2,0,0
4005.a3.txt,2629.25,1344.17,738.55,576.07,2,0,0
4006.a3.txt,2071.43,1171.43,1057.14,542.86,2,0,0
4007.a3.txt,2083.9,1339.65,744.25,487.14,0,0,5
4009.a3.txt,1833.91,1470.59,622.84,588.24,1,0,0
4010.a3.txt,1634.41,1354.84,795.7,677.42,2,0,0
4011.a3.txt,2021.12,1478.13,708.9,618.4,1,0,0
4012.a3.txt,2184.87,1358.54,714.29,490.2,1,0,0
4013.a3.txt,1770.83,1469.91,798.61,821.76,2,1,0
4014.a3.txt,2364.67,1225.07,940.17,470.09,6,0,0
4015.a3.txt,1965.07,1266.38,538.57,771.47,1,0,0
4017.a3.txt,2000.0,1188.57,982.86,651.43,0,0,1
4020.a3.txt,2104.64,1379.31,879.9,606.42,2,1,4
4023.a3.txt,2044.82,1148.46,798.32,714.29,0,0,0
4024.a3.txt,1892.58,1189.26,946.29,626.6,5,0,4
4026.a3.txt,2865.33,1146.13,959.89,372.49,0,1,0
4027.a3.txt,2190.35,1368.97,638.85,586.7,1,0,1
4028.a3.txt,1516.03,1472.3,641.4,772.59,0,0,0
4029.a3.txt,1973.49,1119.29,765.83,544.92,2,1,0
4030.a3.txt,1869.03,1145.98,627.56,763.98,4,1,3
4032.a3.txt,1735.54,1322.31,798.9,633.61,2,0,1
4036.a3.txt,1980.44,1234.72,745.72,660.15,3,0,2
4037.a3.txt,2170.44,1278.3,825.57,412.78,0,0,3
4038.a3.txt,2202.75,1239.05,863.58,575.72,2,0,0
4039.a3.txt,1896.3,1451.85,740.74,696.3,0,0,0
4041.a3.txt,1957.34,1279.8,727.73,614.81,2,0,0
4042.a3.txt,2147.56,1080.37,566.53,500.66,5,1,1
4043.a3.txt,1835.36,1417.0,769.23,958.16,1,0,1
4044.a3.txt,1884.5,1595.74,927.05,699.09,0,0,0
4045.a3.txt,2040.05,1289.11,638.3,563.2,1,0,2
4046.a3.txt,2067.04,1256.98,670.39,628.49,1,0,0
4047.a3.txt,1747.57,1386.96,735.09,859.92,1,0,0
4048.a3.txt,2262.25,1123.92,778.1,706.05,1,1,1
5001.a3.txt,2191.08,1121.02,840.76,687.9,2,0,1
5002.a3.txt,1826.67,1066.67,786.67,706.67,1,1,1
5003.a3.txt,1805.56,1083.33,1013.89,888.89,0,0,1
5005.a3.txt,2131.15,1325.14,710.38,628.42,2,0,0
5007.a3.txt,2131.34,1094.47,794.93,506.91,5,0,4
5008.a3.txt,2380.95,1274.13,797.94,604.89,7,0,3
5009.a3.txt,2599.28,1119.13,1191.34,667.87,0,0,0
5011.a3.txt,1932.77,1330.53,952.38,700.28,0,0,0
5012.a3.txt,2451.61,1303.23,903.23,425.81,2,0,2
5013.a3.txt,1875.92,1477.1,679.47,738.55,0,0,0
5015.a3.txt,1936.38,1203.32,926.69,580.91,1,0,0
5016.a3.txt,1767.24,1077.59,718.39,689.66,3,0,2
5018.a3.txt,1641.59,1354.31,615.6,560.88,3,1,0
5020.a3.txt,1678.32,1482.52,643.36,657.34,0,0,0
5023.a3.txt,1918.32,1336.63,532.18,829.21,1,0,0
5024.a3.txt,1813.66,1291.93,621.12,559.01,3,0,1
5026.a3.txt,2023.39,1251.46,818.71,538.01,1,0,1
5027.a3.txt,2114.65,1070.06,751.59,738.85,0,0,0
5028.a3.txt,1922.56,1268.36,640.85,627.5,0,0,1
5029.a3.txt,2161.38,1469.74,720.46,547.55,6,0,0
5031.a3.txt,2002.97,1335.31,637.98,608.31,6,0,0
5032.a3.txt,2126.76,1507.04,676.06,690.14,2,0,0
5033.a3.txt,1683.45,1294.96,848.92,618.71,1,0,0
5035.a3.txt,2325.3,1048.19,1060.24,783.13,3,0,2
5036.a3.txt,2523.9,1204.59,630.98,458.89,1,0,0
5038.a3.txt,1975.81,1196.24,1048.39,712.37,0,0,0
5039.a3.txt,2235.14,1356.59,930.23,555.56,6,0,2
5041.a3.txt,2124.03,1131.78,728.68,480.62,5,0,0
5042.a3.txt,2047.15,1501.24,880.89,409.43,0,0,0
5043.a3.txt,2162.88,1388.52,881.17,587.45,1,0,2
5046.a3.txt,2457.39,1406.25,667.61,553.98,0,0,1
5047.a3.txt,2439.02,1128.05,929.88,518.29,0,0,0
5048.a3.txt,2234.19,1224.76,780.62,511.44,5,0,0
5049.a3.txt,2368.08,1402.83,785.07,527.67,0,0,1
0102.a4.txt,1762.16,1254.05,637.84,389.19,10,0,5
0103.a4.txt,1201.69,1433.59,498.95,358.4,11,0,4
0104.a4.txt,1642.41,1237.01,717.26,426.2,4,0,4
0105.a4.txt,1542.29,1256.22,597.01,796.02,6,0,2
0106.a4.txt,1564.93,1209.77,810.21,466.15,7,0,5
0107.a4.txt,1696.63,1460.67,730.34,483.15,5,0,2
0108.a4.txt,1623.84,1469.68,698.87,441.93,8,0,2
0109.a4.txt,1896.73,1296.1,748.16,442.57,3,0,3
0110.a4.txt,1969.5,1270.65,673.44,368.49,3,0,1
0111.a4.txt,1588.24,1364.71,752.94,435.29,4,0,5
0112.a4.txt,1610.66,1332.56,614.14,440.32,1,0,3
0115.a4.txt,2083.33,943.63,796.57,575.98,3,0,3
0119.a4.txt,1707.89,1495.88,518.26,400.47,2,0,4
0120.a4.txt,1395.09,1517.86,602.68,368.3,5,0,4
0121.a4.txt,1607.84,1254.9,696.08,529.41,9,0,3
0122.a4.txt,1922.44,1212.87,709.57,470.3,7,0,5
0127.a4.txt,1331.63,1242.0,576.18,704.23,6,0,5
0128.a4.txt,2043.38,1232.88,582.19,433.79,3,0,2
0130.a4.txt,1907.33,1163.79,560.34,581.9,8,0,3
0134.a4.txt,1535.91,1171.27,906.08,408.84,4,0,0
0135.a4.txt,1824.64,1101.9,781.99,627.96,8,0,2
0136.a4.txt,1594.98,1335.13,743.73,376.34,9,1,3
0137.a4.txt,1965.81,1098.9,598.29,439.56,5,0,5
0139.a4.txt,1567.64,935.52,859.67,341.34,6,0,2
0140.a4.txt,1576.41,1167.27,613.72,493.38,7,0,4
0149.a4.txt,1608.64,1364.9,800.84,383.01,6,0,5
0156.a4.txt,1405.62,1432.4,575.64,508.7,3,0,4
0157.a4.txt,1577.06,1218.64,812.43,645.16,7,0,1
0158.a4.txt,1547.99,1217.75,753.35,629.51,6,0,1
0159.a4.txt,1775.28,1213.48,719.1,528.09,7,0,4
0161.a4.txt,1839.21,1222.47,825.99,319.38,4,0,4
0165.a4.txt,2229.44,1212.12,487.01,476.19,7,0,2
0168.a4.txt,1766.02,1207.15,745.16,558.87,14,0,6
0169.a4.txt,1612.9,1397.85,788.53,382.32,3,0,1
0171.a4.txt,1636.36,1170.45,704.55,397.73,7,0,3
0175.a4.txt,1746.78,1207.5,797.19,457.21,7,0,2
0176.a4.txt,1837.42,1146.99,679.29,612.47,10,0,3
0177.a4.txt,1246.32,1609.42,843.96,588.81,6,0,4
0178.a4.txt,1945.74,1197.38,795.14,505.14,4,0,3
0179.a4.txt,1953.64,1169.98,1015.45,242.83,10,0,2
0185.a4.txt,1857.99,1313.61,804.73,390.53,8,0,1
0186.a4.txt,1690.65,1378.9,599.52,383.69,2,0,5
0187.a4.txt,1516.99,1468.45,582.52,364.08,4,0,6
0188.a4.txt,1913.32,1162.79,697.67,528.54,6,0,2
0190.a4.txt,1504.11,1186.84,540.54,387.78,4,1,5
0192.a4.txt,2014.39,1354.92,503.6,407.67,2,0,2
0193.a4.txt,1837.09,1308.49,571.92,320.62,6,0,6
0194.a4.txt,1871.48,1319.05,642.62,439.68,7,0,3
0195.a4.txt,1885.06,1333.33,448.28,379.31,5,0,4
0196.a4.txt,1426.02,1381.46,668.45,481.28,5,0,2
0197.a4.txt,1608.64,1404.56,552.22,468.19,6,0,4
0198.a4.txt,1276.13,1298.13,484.05,407.04,4,0,5
0199.a4.txt,1847.69,1073.66,823.97,461.92,8,0,3
0200.a4.txt,1641.44,1455.18,617.0,721.77,5,0,1
0202.a4.txt,1569.34,1654.5,413.63,218.98,2,0,2
0204.a4.txt,1679.89,1230.16,608.47,423.28,7,0,1
0205.a4.txt,1666.67,1264.37,632.18,555.56,11,0,3
0206.a4.txt,1337.76,1214.42,740.04,493.36,7,0,6
0208.a4.txt,1207.04,1651.3,603.52,678.96,7,0,4
0213.a4.txt,1969.34,1214.62,577.83,554.25,3,1,3
0214.a4.txt,1384.8,1458.33,612.75,674.02,7,0,6
0215.a4.txt,1988.9,1091.58,675.3,360.78,11,0,4
0216.a4.txt,1639.02,1473.17,536.59,331.71,8,0,4
0218.a4.txt,1445.5,1362.56,722.75,248.82,5,1,1
0219.a4.txt,1379.31,1343.64,868.01,701.55,7,0,1
0222.a4.txt,1842.11,1338.67,663.62,469.11,3,0,3
0223.a4.txt,1574.71,1586.21,528.74,448.28,5,0,4
0224.a4.txt,1472.44,1256.11,746.69,411.72,8,0,5
0227.a4.txt,2051.05,1321.79,483.14,382.86,8,0,3
0234.a4.txt,1853.66,1121.95,853.66,597.56,9,0,2
0235.a4.txt,1691.18,1348.04,759.8,343.14,5,0,4
0237.a4.txt,1666.67,1347.52,815.6,520.09,3,0,1
0238.a4.txt,1630.09,1442.01,522.47,344.83,5,0,1
1003.a4.txt,2170.82,1209.96,711.74,338.08,4,0,1
1005.a4.txt,1757.4,1107.93,544.41,439.35,7,0,4
1006.a4.txt,2224.67,969.16,925.11,528.63,8,0,1
1008.a4.txt,1808.16,1113.56,793.83,617.42,6,2,3
1009.a4.txt,1954.02,1213.28,651.34,434.23,7,0,2
1010.a4.txt,1889.97,913.93,834.07,523.51,11,0,3
1012.a4.txt,1963.88,1083.52,880.36,406.32,8,0,1
1013.a4.txt,1612.18,1240.14,766.63,349.49,10,0,0
1014.a4.txt,1575.9,1448.44,648.9,440.32,7,0,1
1017.a4.txt,1714.77,1179.97,848.9,611.21,3,0,1
1018.a4.txt,1684.88,1357.01,719.49,482.7,8,0,2
1021.a4.txt,1791.04,1104.48,895.52,492.54,8,0,0
1022.a4.txt,1666.67,1295.24,609.52,533.33,7,0,2
1023.a4.txt,1961.82,954.4,975.61,551.43,12,1,2
1032.a4.txt,1327.33,1462.32,776.15,629.92,7,1,1
1034.a4.txt,1712.91,1266.59,759.95,651.39,9,0,2
1036.a4.txt,1796.57,1334.21,726.55,581.24,10,0,2
1043.a4.txt,1508.2,1169.4,852.46,535.52,8,0,1
1048.a4.txt,1593.19,1462.93,591.18,631.26,4,0,2
1049.a4.txt,1515.5,1435.13,895.52,551.09,7,0,1
1050.a4.txt,1721.31,1338.8,874.32,450.82,4,0,2
1052.a4.txt,1541.9,1273.74,692.74,525.14,9,0,1
1055.a4.txt,1713.01,1167.96,700.78,489.43,10,1,1
1057.a4.txt,1456.77,1315.79,563.91,451.13,7,0,2
1060.a4.txt,1853.15,1037.3,1130.54,372.96,4,0,0
1061.a4.txt,1659.39,1342.79,644.1,425.76,4,0,3
1064.a4.txt,1778.43,1185.62,699.71,495.63,8,0,2
1065.a4.txt,1516.03,1360.54,816.33,456.75,9,0,1
1066.a4.txt,2002.37,1125.59,876.78,343.6,5,0,2
1067.a4.txt,1662.53,1141.44,694.79,496.28,5,2,0
1068.a4.txt,2402.16,1079.62,755.74,269.91,2,0,5
1070.a4.txt,1391.3,1403.73,434.78,757.76,5,0,1
1072.a4.txt,1853.28,1090.73,868.73,482.63,4,0,1
1074.a4.txt,1564.42,1175.87,838.45,511.25,7,0,1
1076.a4.txt,1797.75,1215.53,684.37,337.08,7,1,1
1077.a4.txt,2075.0,1100.0,1000.0,637.5,8,0,4
1081.a4.txt,1747.17,1233.3,678.31,287.77,8,0,3
1088.a4.txt,1454.33,1454.33,516.83,384.62,6,0,1
1090.a4.txt,1673.43,1308.32,770.79,456.39,7,0,3
1094.a4.txt,1282.93,1282.93,618.56,641.47,8,1,1
1095.a4.txt,1734.69,1301.02,778.06,663.27,9,0,0
1098.a4.txt,1627.33,1291.93,658.39,571.43,9,0,1
1099.a4.txt,1628.42,1300.55,732.24,284.15,8,0,2
1100.a4.txt,1579.56,1231.13,685.25,476.19,6,0,2
1102.a4.txt,1555.31,1215.77,887.19,470.97,7,1,3
1103.a4.txt,1696.83,1142.53,622.17,542.99,9,0,2
1104.a4.txt,1844.77,1113.61,776.15,382.45,9,0,2
1112.a4.txt,1613.25,1271.37,683.76,598.29,7,0,1
1121.a4.txt,1810.61,1259.11,655.57,624.35,7,0,2
2000.a4.txt,2016.41,1078.55,726.85,504.1,6,0,2
2005.a4.txt,1800.58,1239.11,561.47,590.51,7,0,3
2007.a4.txt,1637.22,1295.64,553.59,518.26,7,1,3
2008.a4.txt,1505.22,1400.89,909.09,581.22,4,0,1
2011.a4.txt,2083.33,1074.56,921.05,438.6,8,0,2
2012.a4.txt,1886.43,1183.83,769.97,336.86,10,0,1
2014.a4.txt,1614.91,1262.94,797.1,476.19,7,0,1
2015.a4.txt,1766.83,1165.87,673.08,552.88,10,1,3
2017.a4.txt,1890.99,1212.46,711.9,489.43,6,0,0
2018.a4.txt,2047.9,1197.6,862.28,514.97,10,0,1
2019.a4.txt,1670.4,1390.13,526.91,448.43,6,0,1
2020.a4.txt,1551.72,1402.3,620.69,436.78,5,0,1
2021.a4.txt,1664.74,1491.33,554.91,485.55,3,0,1
2022.a4.txt,1642.86,1371.43,557.14,400.0,9,0,2
2024.a4.txt,1568.4,1438.68,648.58,577.83,9,0,1
2028.a4.txt,1909.57,1244.68,739.36,382.98,14,1,3
2030.a4.txt,1562.2,1417.55,540.02,472.52,7,0,2
2031.a4.txt,1816.22,1124.32,745.95,540.54,10,0,2
2032.a4.txt,1874.44,1192.83,609.87,484.3,8,0,1
2034.a4.txt,1668.19,1303.56,537.83,537.83,10,0,3
2035.a4.txt,1700.68,1337.87,442.18,521.54,3,0,1
2036.a4.txt,1333.33,1366.12,732.24,469.95,6,0,0
2038.a4.txt,2024.24,1139.39,727.27,484.85,6,0,2
2039.a4.txt,1973.68,1129.39,712.72,592.11,8,0,3
2040.a4.txt,1571.27,1425.36,493.83,392.82,7,0,2
2042.a4.txt,1621.62,1156.76,724.32,302.7,9,0,0
2044.a4.txt,1837.04,1214.81,785.19,340.74,7,1,1
2046.a4.txt,1655.33,1235.83,850.34,498.87,9,0,1
2048.a4.txt,1927.5,1184.79,839.96,380.19,8,0,3
2049.a4.txt,2104.42,1004.02,626.51,337.35,9,0,5
2050.a4.txt,1658.88,1250.0,806.07,245.33,5,0,1
2055.a4.txt,1672.64,1123.06,669.06,406.21,9,0,0
2056.a4.txt,1489.82,1404.07,771.7,653.8,7,0,0
2057.a4.txt,1864.61,1258.91,676.96,617.58,7,0,1
2058.a4.txt,1702.73,1063.03,1128.88,460.96,10,0,3
2059.a4.txt,1805.56,1192.13,729.17,462.96,7,0,3
2061.a4.txt,1518.85,1175.17,842.57,410.2,8,1,3
2062.a4.txt,1398.68,1387.67,693.83,473.57,7,0,1
2064.a4.txt,1598.56,1334.13,600.96,396.63,8,0,0
2065.a4.txt,1254.16,1409.54,677.03,488.35,11,0,2
2066.a4.txt,1854.84,1223.12,806.45,497.31,9,0,2
2067.a4.txt,1500.0,1280.49,670.73,500.0,9,0,1
2069.a4.txt,1563.59,1540.26,653.44,548.42,8,0,1
2071.a4.txt,1254.9,1281.05,679.74,496.73,8,0,0
2072.a4.txt,1857.75,1295.12,711.25,530.79,5,0,5
2074.a4.txt,1629.15,1425.51,675.24,418.01,6,0,2
2075.a4.txt,1712.18,1250.0,630.25,535.71,10,0,1
2076.a4.txt,1597.37,1301.97,656.46,503.28,4,0,1
3001.a4.txt,1640.54,1431.56,553.81,532.92,3,0,0
3003.a4.txt,2067.31,1278.85,817.31,375.0,5,0,0
3020.a4.txt,1609.87,1363.1,575.79,634.55,8,0,0
3026.a4.txt,1713.82,1333.87,695.23,444.62,4,0,0
3037.a4.txt,1672.43,1264.69,760.19,463.03,18,1,7
3042.a4.txt,1412.68,1479.42,611.79,656.28,6,0,0
3062.a4.txt,1988.19,1102.36,885.83,561.02,6,0,4
3065.a4.txt,1528.74,1402.3,494.25,724.14,4,0,4
4023.a4.txt,1451.61,1268.82,688.17,623.66,8,1,0
4028.a4.txt,1604.1,1433.45,580.2,557.45,4,0,2
4030.a4.txt,1501.56,1522.42,500.52,625.65,7,0,0
4031.a4.txt,1511.9,1452.38,464.29,583.33,6,0,0
4034.a4.txt,1543.7,1532.35,681.04,601.59,5,0,1
4045.a4.txt,1718.92,1221.62,637.84,637.84,7,0,0
5009.a4.txt,1669.25,1203.42,822.98,380.43,5,0,1
